hash,obfuscated,time
c54ac9c7cfaa49528a7c4c0b554a0ed8247fcae1aa84e649b33010de4e0757f9.apk,True,17.62
db16c0499e6bf79980e1020d62524979c5c535f4461d3365a58a2f95333797e4.apk,True,44.20
fd7bcf145c2405e5fd7a2b2a1b667654edcbb50acc9256ef946d36e84eb0cc6f.apk,True,14.30
26730cae71e2bfbaf5479ef9686aca1550c238377771caf8c4c79bac24170604.apk,True,21.57
295ddafd45c0e7e0d25aaf49877aa00f044a10bea6ccddbb40da123b515dbeee.apk,True,10.30
7b5ace423af4a9788d10e9236fb2d7250d346de9bc3ba1ac05aac7e316df0936.apk,True,16.53
be6ecf2da8c2e7d5b66825b64351121763df7c74ec5058f86bd34e1e3f7b1f22.apk,True,26.78
eea09e98a8cdadd59464653a5dfceb6462c647d700235f307dd381b55bb581a5.apk,True,47.26
4addd3871e8283971bf818d3924cd252f77aefd73584c020a8e189114e30ec4e.apk,True,19.02
a6f80d3520da53ed89d54ffe92542c60df8efb75b47f06a223d3ee24ed45b108.apk,True,16.00
19631521b16693d9763a88ae2dd9f74fee49e5d141a3d9ca87f9099f922febc8.apk,True,17.03
62597036561d6b54c2108b809d10d0b78319bc238b3408ecc119839d005de4d5.apk,True,25.13
359ddac0bd0495c75779005f5c0b366b242e46552cc254c484bfd6f798b1b4d2.apk,True,17.96
1b04b4988c84689ef994b748ab38370d5d1b17d4eebc62ab7a84c745da4fa733.apk,True,21.34
c78b45cdeb94e836a9834fb97f1053d7c3df4150ddcf9b3142b5d68eac1c8ebf.apk,True,22.34
59568adef727bb0f57f3e1cd86aeaf05e6702ec4527e8c5d72052b59d2ecf85a.apk,True,24.37
66d758aa79e5afbbaafe626bd22a09511e9833db7831af15a41ff032f6482b87.apk,True,18.78
d4c216431c127b1c2ef1f472ddd34b60a16376a439b127003a0a9947e1c23597.apk,True,24.61
098e034c00a58a77a5e7044a7d7d6bc5cbadf1d291aa3a5412ae9413a8898c10.apk,True,21.75
7673bc1aa4f48e7dc167dff5a07ab0740faed2cf3c10315661427accc4657be2.apk,True,6.97
d53bdfb666024c4c92f90f58f2c9e8c2d6c046d80f5115d49ad5aa970488576e.apk,True,15.60
5ddb7eb861aa88a5faa76e37163041e1d53ae410a4f1be825604c3e66b7066d9.apk,True,8.98
f99b2a743a04f485c925ede0684c7e59dfa720b2c5e8e9d9a38fe8df69c25285.apk,True,18.46
01d620ea7567b1693c8e7d6ff93ce63da1f8a83df3cd941a4ff53e4cc303328d.apk,True,46.55
f7ef57d800a2f895397031a78f73f6b2a0e63b337488f8b582a2554eede8070d.apk,True,24.61
53d43f63511c2461a755e07863874cd8d3790bc200ba0e1e385fc1f8ef4a10c8.apk,True,18.24
a6fb153afde8be9b2ad5a72d83cdf23a1e592a67fb61d4ad4a63a26bbe8e7806.apk,False,40.52
f9d16860a49434c1a6a02373fbb0acb70ab6c09598ee54b8c60c55ec2d9521b1.apk,True,11.92
fa87e440b5992341e88b97f58f97c664a4d33d15c3c751e5ecf741a05104c467.apk,True,22.45
ce9a82ab18942f50d39ad7db63d693334243a85fa25f3963bc04e5f41a46a32c.apk,True,21.74
29b2a3f51f95f2c0e8a6594bc0510d33f033b054c7f0a813161dc0562ed329d1.apk,True,29.72
eff293a5cd642fa7beb674d2cec5d5da24268dae202a684780e8824591680905.apk,True,18.51
89a12cfebfe5ae1a3986b7b5d7b92987f188670207c1061d23fcbbc8ed91b345.apk,True,9.16
1294621cdf588674afc36ca137f4ad9d04a9a50a9c3401f6d4c4dc11d446d84d.apk,True,25.60
d9581b379af63ecd2411c046800b5f8bda0e2e396138ac1a47d27becfe1ee278.apk,True,24.00
a551387a371a31efacd8c195514494e25505c81d2c6c0e0a22a9e2050ae68e4d.apk,False,15.51
8b2292554162e38e6743fb1e55ae999368a81b877ed89dab83810d3b48f647d5.apk,True,16.33
75855c4119cd4f5ea8c895ad302340a08b8d8f0b367652450c9f7ad620d85016.apk,True,3.97
0df0366809a1dda13f3cc8c7c52b8b6e1f240a2351d93a17ea9e20d298fba6b0.apk,True,16.91
7c9ed6f83df24461510f1a44a962e92676958bc5563c569f3f2b9b21d6ba3d79.apk,True,50.48
341dad887ec40c5360dcf4b0a96adeb54ae42b76713545c2f6b498426ab3881c.apk,True,17.55
fa94961272034e1bd88e981ada99f2af0b502494cf754d808c76bc1dd115e57e.apk,True,9.19
fead335d5a7865635c75c3b9eee5fb7cdf0c6365d7d132ba5de0558b4a66d9bf.apk,True,17.55
8aefe8f462d04516facfbc4cd7936b03974d89bd11289f515eff3d95a651ac69.apk,True,38.25
504b46b7a330009787dc2548b2b91c816acbe4b679a9544f890ec0955956c02e.apk,True,18.13
2b23b787c34608e8449bcff73a7807852410b128e15de75a2a9604fcce9e0cbc.apk,True,29.06
aedf1813a773a9a8b49dd082da1da64bd8656b9d793e9e95dda08e2bab8e3d3e.apk,True,19.05
587336962e29938c225fbd12f31f3e24d6fa36f9913f7f7280f32db44fd23c5b.apk,True,37.63
7300be599d752f4907a3c4b911dfa0e77d9631231dbec3ed7e80a790f752182d.apk,False,38.77
7e1765ee25d40669af0cdb57fb189c11966ff2106df0ba099d6be0ab473c6d63.apk,True,22.37
b426e424fa3c8831d5ca46037acd041154c71d14d7007f7cfbee01117fe8b432.apk,True,16.40
41c88d46f2073ea60fdb90bd472dd4bdd3377fdbe09145dfaa60a2ee4eb74673.apk,True,23.56
948a7f5f66597fa26bafc168474e2cb25ab4a4dbb96ed0cea057c86af9616c65.apk,False,14.08
fefe7996372c43d6273447121b7b33dd937000c114d7834ef6399ec00e4965db.apk,False,30.74
d8f30f7b6f1e8e1a2567dc331ab81a90c5add5500ba457432e71adc1b8d56cbf.apk,True,14.75
42478043acae75cf27806d041c0d0a167cfa698512b63351f48e5ee0c196fb14.apk,False,31.14
f6087acac10cd1237b5d6ec3a893a57d32a28371d372c22d405077b7fc489b0d.apk,True,17.09
ae5fb6a960a487ad5ea214af94cb34210426dda3c98ca1e2cdb9fd1ae7b8d414.apk,True,7.32
d4269700a3575faf75d66b171658b3e398738c3b4d3282060b7ce900c510a832.apk,True,33.88
c5511d40de74f2bac15a8b0dfb5da5e1607ca7fc401803e6aa1140835b77cde5.apk,True,16.30
9c08d5e33beffdbd88d07f0c8701127758555c71c267b804a6a2c355f0010ebe.apk,True,17.66
3edf9e5c216d27b2dd5500a4f45cb67d7a8982222e24edeb365d33b8857efedb.apk,True,22.52
fb07db8deb890a952d27a7fd65ef3684fdf7619c2ff84f3ed11c9fb7d1b43e21.apk,True,16.82
1934e9d532cd429f87547b343294f9797eed36e04dffeea7b26f7ba96312815b.apk,True,13.70
88cb99bb613c3bdb8d84d5017435eedb0ca8c22638b03392cb8dd1a1e595df18.apk,True,16.26
0da24b51cd3ebc33799a25a33fa2837795ab32b4af7343d961dcf597be952c1b.apk,True,19.31
83a143014946daba76f3f9f4ace49738adbb494094c409aeed6d564e01fff373.apk,True,42.83
86c545d5df38050111bcd0bc8c5b50236c51861ddca1135c21e7b531319fac0f.apk,True,11.40
7ae048dc77e5ec4e6dd3a939aa8ee0d8c30a54a25bc7e30df486e5c001661c15.apk,False,33.93
06074b7212447435d9597d3efa2d904383269588e9d616b94177a9cb02da99f5.apk,False,19.13
039ddac990586f0a3d49c824bc326beb020a87c78e84ddcaee99570528b03607.apk,True,3.25
4ad8389dc5badb3f77ef416355343106f40a213d8bd380c97096e306d8ddbf5d.apk,True,15.85
d66a7d24c1bf618196c1701a6bb9164fb9d615b72d7adb4ab110890deeff7c04.apk,False,31.03
104d9432e7141033969f0064b58e993c22afe52a06908bc569180d9896f502e6.apk,True,14.93
0ddd18a4dc066749fcb7af3de67eddc1380ac5444e489daa8f98ed5e4f1e8241.apk,True,12.74
c8038602c227011c6788b672e73b1256e614920fbf3cb5615b2d75912fe161d9.apk,True,23.49
8a872c1cf29de6933f0e876aae06e35315b953d887144f4e426230adc89caf71.apk,True,25.46
b7b7acefcde0ee970ae8e02cad026f7e91ab28dcb20c9e08fa3b9dd1c75e2914.apk,False,14.89
0dffb182f97899a3aa1304bb0b59d4ff03cc1c660680e3a8c4b38d3a291e7256.apk,True,17.75
1109ba1e1f3c8dbf009bec11f33e8bd9283b0f29d09953f35f9540d0f92b540a.apk,False,14.02
ed238cd60fb6393593d42a2e5360dd84805c34acf1eebe26b415e8623d0fb424.apk,True,3.71
6d3fb03f806d48ac28addef3585d9812ea915d32cbe860d6f3a70acd86fa066b.apk,True,25.47
9fea81f1b2e544996a87b8a67ba6397f39a1c372d34a76c1a36b37beea864f73.apk,True,26.27
68119253f246ca593870daaeb5c2f2bc8cc955fb88becb1d7e7908b21ccc0ddd.apk,True,14.32
71effb5f42929301251f262230faf58aeb724dd554dacfd686c9099a172d0c60.apk,True,25.04
365e5a5973e8af3276ebf9b84787ad83f48632b3c56d773c1869614f6534a9a0.apk,False,13.65
510c0419f339eb1d7535b89875d7c06fba3a87551d721e4fcc4001b444b22b01.apk,False,21.51
cf376ce1488d691f6cf11e3ae4e2cc230fbd2d11b47230eaac6ff1ee11391ef6.apk,False,15.16
1983008b01276a8b4ff42f5b0cf33240df22ce677e2269c9f5150683be3466a8.apk,True,16.51
1fe53f9b92d4a52ff3edd40cdc6c3b9af595790690107afadd262129c1e01fd6.apk,True,18.65
93a48603512617842d99d19ba99fbc3ed8c8d47039ca5d79544789e011416486.apk,True,28.26
d0d8e62b2fae63ffce18058f434d8f989ac5109bcac532da8ea2b4f7cf544a3e.apk,False,40.47
c69fd29bb1fa740f0526ea1a38247a6df0e2f3b3dca426e67bd8cfd2ba88bc2f.apk,False,14.56
2bcd56d4846be8f5263e85d9ddf0d79142e456315da2786d4a16d1a49b144177.apk,True,20.06
e447e53332d23f86f4fa03d35144184cd6da70f1345044d9686e056d20da57a2.apk,True,17.71
8fb00a80a84b046fcddfa6bb2c69446895b9698a2a3e53852d367df052714f90.apk,True,17.83
ac9ade44771b83df1a3ad5fc305fc105fe7ceaec0890667cfcc31d137121db35.apk,True,14.95
7b73e65e8d7bb874210b3e68fcfcb172cff158ec61b137e2b9fa3eaa4887ee70.apk,True,17.31
f6e7093bfe60529a2f0160b48ec8f573426b1c121bab76ec0851135bd567fc14.apk,False,39.54
d5c39435aff6877d82c042f7b06eaa2fce16e23da3bdfabf8c32345c1dfc7d63.apk,True,8.23
c33783c89812ea905d6eda53b42b4af1b58e0201b42c043b86223e71e796ec01.apk,True,19.68
965599ed559a6b34fe28ead1cc8c5a8d706c6f2dfbf541275e9cbb9cee7a2e5c.apk,True,20.48
d7641e7e396d66cfaca8c89c1cfc2b23a0a78cd1681b3e58b808106d8d315474.apk,False,37.36
7c2ee3aa2570b747e036c1ba81ab9e96780711ead92e30feb4caae9f799d616f.apk,True,45.84
86f7375868f5097d3a9e904f7ed44d3bf2082eaa976a5918ec1e1c72828bec39.apk,True,5.90
752092e03ffc88f72c0e018f1169528a8fa9131b834e53112d11051749230de2.apk,True,40.83
bc2ee2caffbe9d5c08e0780b264fb165e3a86222981a7dacc6125f7c240fe167.apk,True,9.60
5addc790eec30fe65f0c83eee071344eb75df42e9341bc5a862a8fdd70d099a1.apk,True,10.16
46d519e4fee100af8d36f13c83eb6ff437fcd0d509317433a9b9ad551e475ad3.apk,True,28.31
b1013aed44e01da583a78620c5c122aaaaa55efb9086eb185ac9b5e2abf47640.apk,True,13.53
c1178539e48b878f3408fc536f7311fcd0e12a6383f64b932f97cef8b4a701c7.apk,False,38.97
bc76004721044797ff476f3bb97eaf65f457a60da622e22c9735704b44463e0c.apk,True,16.74
8303f74859e443f7e07e565cf085e7c9d02a728c6ba141cd385462b5fed14c7b.apk,True,23.11
08d8963a2b6ed014da613ca84d50e10505a007aa1ec312f0753b9a8350de07ed.apk,True,16.54
028bd639ff06d05649895c2ba5a3252a837e0b8aa3df8221e97d942af0fb0378.apk,True,3.14
02807b396b0fd82f73a28036495f524995541cc0c5af436f3d654d077fea9702.apk,True,16.95
65d252b061bad4cfd24514b8fbd77e890deaa1105fdb5b1ddf9557091f1b7312.apk,True,24.23
1564c06ccb76c3cbd30c5c435581c554d221393c8658d2ae9278c66d40637579.apk,True,16.06
ceb2a763c4f20da9d15ba572f12d253200ae93c531540a9001f130632af3856d.apk,False,14.77
cd03a04459cad5c6350b3de85e7cfadc5ca9529b51a0fe63d0b37649060b9b9b.apk,False,38.43
718f508f961d2272aec191ff3b832e6a19c6705cafacfb7c231f445219d32be9.apk,True,26.87
807c18609913333876ca26b249f244b39401ae243c225abb1193809f3c78d153.apk,True,12.20
82667a0de8c1e8522fdc8180ae5b5cb2cd568dc9067ec67621f83130e6b0aaef.apk,True,56.91
2758a63f9c947dc502ed1e54c075c67c7909ad42dbbc2a929470f4e606be9a8d.apk,True,44.76
9d97490826bb110499eb58d2345e8b00420034ed433c695da594331b0859f202.apk,True,18.75
f1ee3d4996f08783d8a5aa23139593edfcd833dad2f570a664f495ab2c3ff894.apk,True,17.78
2ceedc2af9ea5e64ca2ccedd9811d3e9bffae4e51937df87822cdd6dfcca3a24.apk,True,8.70
48471ab893d3be6e07d437fbc48e6184e1af0f9bb00bfa4c8685821e82493294.apk,True,21.66
db2d924839b85abc5a21367f253af7b59bed834c438e460515b503504a74e9e8.apk,True,3.10
ff101d6e701f999a495e118520bcdc245356acc989d7054cd857037be33ed9a1.apk,True,11.12
599501488b6e44bfa1d64ac5a3371470cf8d93c7878003aa9e9261046586e59c.apk,True,15.81
2ad1a21949ee5a573bac65f1784695cbae7084c43aaeef12c9035b21b82fd6fd.apk,True,17.87
db5a9b3a8669d36e210e17118ca099ed264dc85ce872ac5a91402e7670fb7ef8.apk,True,18.43
d6954337d3e991d1e652ae5e45bbed58a44b5fc945169645522f46fc78fe7fb5.apk,True,12.34
856685d106abbfafbb240b881288fd0a079acf346cabd720b86e5dd1ce2f70ec.apk,True,15.72
4e8fb29139c61ee94e83ba4b22c88f88c5c943b919bc0f42cec4abc1fd490e34.apk,True,15.49
499f3d643c6b18d94961262ba6d26f979ffdeee0246a645aa188135b052db0a9.apk,True,7.76
332380cd0cbb34bd4ccc2af3a75f9100ae16bc815eee6fdd8c7dca7b5477babd.apk,False,30.49
21d3359fafff4100e2b15bf59d5f56e398bf7daaf5a813a044daa21ac8bfa0e7.apk,True,16.60
0d72d0b66c741a1a07f4214811bfd0f00cbdfaae3d03670543fe3835f9076201.apk,True,73.98
5066aacdf38cfcb1bfc7ca99a2a5e131f1bb5e2bdc436096d920bc8cc21dfb35.apk,True,38.58
701e52441ab813ec1af926c6b7b98c51bb4dc8d33d6b5326392145428438351a.apk,True,22.54
c02d349c9aed2ff143177847cf9ec78cf47e12ee76f3c72609fb377b31dba82f.apk,True,24.84
d1955105cc3299e7468925a290597e7be632aa2b49f5eba1a0ef6bfa6c42d039.apk,True,11.85
4efae3628f2b5e38c551e31f09333578f0ab841fa80ef42690c1b7c24668109c.apk,True,16.59
742f8209fe1c2c08bc8f1bb4c6c18df91315efb98a930c2ceadf2011d61a9c96.apk,True,25.55
118178261b97cdf7d06f7a665c857b23aab8138830f08a3d4063d94a4fd1d679.apk,True,3.42
a49100a0407879e007b124993589290a735dd9e1ef1c061a3b959e77210dd92f.apk,True,11.10
cb3eef204bde9c12152db998cf75b6d7e4b6b425b9afce02f474774a39005180.apk,True,10.41
5060797255e91232bab83c9f73c439727ab822c3c6dd45877b229816547db2d4.apk,True,17.16
23783821e17a8a1540ae73dd063164ad7d2896d3b546b9c33a2bfd4507924534.apk,True,23.33
35f033b812e7e862265f35821e11629499e90cbb9ccf474c4eeea4bfbbd37fd6.apk,True,39.54
4b536d83916cbc61cf5946f2cf55900d63f417bc2a8f9642f769b41fb600a42e.apk,True,19.61
15de95d4869bbf48d97e62e5ebfe9914e9fa90afb4b09fd3c92c169d28753f30.apk,True,11.01
64dfafc6e1b4d334c8a54b66bd74a9cc6e13ce877c5e98847993d3546a5e3949.apk,True,7.79
1b8ae78b1cd7f604189c63c8f0172fce5926e61465c445d19b88373f4a631345.apk,True,18.31
fd58cf5c13b3a58299e2d266457948cf6832f6eca07faf64de24dca96d374d44.apk,True,29.25
e669f5f0b0d5854a829451e8be3eec02f1b1f02bfbb0267dc87866ed61accc47.apk,True,3.33
48f093717f920de33e0b7d26ef5dd6e857f6f1b8b4af23b2ed7345f92989fc95.apk,False,34.06
d1c41a480aa8216a105b6c7227599a53d4c710c18660cab268a4b3164d67814f.apk,True,19.95
c8b2c35973d1078e458b2b8aafe196d5d166da5e3c60e0d41c92f8476bac9325.apk,False,37.86
ba253ba3c18dcb967ca3a8207ea11970965e927bb9bc3e9cbfe519616c15f305.apk,True,17.34
4681f837f31665f60f82d468757cd78e1506ec8ff77346c2dfb6632e62d27c48.apk,True,23.73
b025d627af684f401f763422819f56920c9b6aeb86db4fd374db46ed33be8f53.apk,True,17.19
2d4e36cf055341af22762552cf3bb9a86e1225fe52b06ec2c816a9578a3d9e8c.apk,False,14.81
feedacddfcc37737eb3be841d9c801cf1a8a3ba4ff3b35ce370db4f02a86d651.apk,False,32.23
09b1ba8e1efb8f5ed3327cd95352edb98b5deaab0a938e3c0af84bb2de787812.apk,True,53.64
3ea08067f8d2f24218383088c67778f774ee47ae56ebb32fd732da18841a1abd.apk,True,17.59
82706362a6f7d71949720618cb85ade8cd4d2e1fe410b1da9202ece592951c7f.apk,False,14.32
909ad3eeb52b78b97e8ff72d78f6b08c2e71bfc70082b2f3bf9e4a7951b99884.apk,True,12.31
7ab659ed8260b32edae33400ad371812fb3c0583e916cc3c583314eb9903d7e6.apk,True,48.42
0b39da94469fffec376c6e9cb00d80fbfc3be79440e42e4494a0e55c91ed2418.apk,True,3.20
f2ce8b709c0f87fc610bae752f5700523a969ea3cfddf727a7775ae4af9ced9a.apk,True,12.48
9cf4c820eef86f0c6dab4387f939ac1754344f4026e416d34b246a319f9dfe98.apk,True,15.73
d555050f0866c8593a047e950d0502f567395da6316bee7b73bf974c8e70110a.apk,True,13.70
843bcb79076053eae58586af5951317afcef97fc3f47f891ff5ee096775aeb82.apk,True,8.73
c1a6d1abe2879b5de0fff086ce179d1815cd0d6b3bfd39001371952d57987418.apk,True,16.57
0aad7dd2e4e73f64511a16bfceef14a168376e9695840dfb6672937e283453e2.apk,True,25.16
7aaf23be3ed3d52d3e5bb5165b26e8e755e73e088e41358ca9b3f155a2c86a4d.apk,True,18.99
2a5d1568932634d8b3da46adcd6634df390948783c84825b1702ae72e6caaa63.apk,True,26.57
06d4a757c7d3cc26c834063a318f744a56a85e9d80994f58cdc43bb91b750f3b.apk,True,17.25
a0ff2918128db754d98959a462cd586c4e25379db6d1b12f2c9c365c0b769873.apk,True,25.35
2a4d19cdf075f2bf4ba25bddddcdc82f0727b313cb84faf3202cfac55438333b.apk,True,17.29
5252b7d373e2edc9e9388ac4124204cd221561ff96672f684df0f62273eb169c.apk,False,28.87
cca584dc4f680a2faea31af3d93d04755691242914c4954bb4cd5d4177cb803a.apk,False,13.33
ea65d2d8a273cd92187d04e5270ea77a8a3e414a277eb86269479aa09368cefd.apk,False,26.33
b26f821f524558595cbbe32d7b412a37531585fe0f4ba49c05774295fa27677e.apk,True,16.63
55c51b96d2adf8d9fb943621b46f362247272dc6b1e16e9eda03e1cf40aeb9c9.apk,True,28.02
76505cc6cc4e5a2d985bd1f46978d7ce7c948bb07e7b2c5f751c304c2976d09d.apk,False,15.02
dc891707d627f949b8014f521862593e7b48e579ef909f734291f21f4e97dd96.apk,True,20.29
a3c1644cba6313ded8d1880f956c3e2f60836f8230b47dc4ac7ad339d0587720.apk,True,23.00
b13a0376094e6afa8e0059ba055ea0b0b39c93160ab2f0d15597e4f802cb1ff0.apk,True,3.63
515d2bdebddeb506469bdb27d14280617a3b79b74c14ed4ed02f22ac4b90825d.apk,True,22.24
b4821960a729851f7b918d2368dcef2d8261250048c6c1c9c9effb233abd7607.apk,True,23.19
7e4cc7d5cf37de274e5b0c08f3d5b479987beb7e4c9004c7032051bb851e20a5.apk,True,15.92
9cb3af4e693608502f5f6f516b8c3ffe51803a7d0a82c87af32b9c31555c3c87.apk,True,16.20
095741b17703b84e464509fe9fbb5d93fccaa4ac37e23427bfad685353e2aa63.apk,True,19.80
35c04be0be396777f40e07084709d3536ccb6ff891b1d1eb3d218299728eadd7.apk,True,24.11
b3c8d628f720bfdea27b88de4dc59eb9ed8eeab087b938c86964734978ab65d9.apk,False,23.26
a77cc260e4c98b1a8ad0345905c6549df0b98708252434b01b40e6ec4a61ddaf.apk,True,27.05
46e6f09d75b892b4acf49d170052386f1a2e1fd77420b39ddb726151bdbdfb61.apk,True,25.14
c1b0715eaa0dfba0d47455c7b7602f6203525f80e22e41e066e94a8ee0d8d2b6.apk,True,16.42
3c20127ef215c7655f20cd5a7784560e0240b6d4e9a8cc18c363bff12d6ce875.apk,True,16.22
1afe38cbe46031654f67849555ce0978ac8b4a13ef934ff45037e5a4b96a93c4.apk,True,39.38
933e6fe2f3fdff2e212794bcdeff4e08e1cc093cdb92860ab6e089cb97ec19c8.apk,True,14.59
d555faa7dbdcd12eaa3c3ee1475831e800fb615fe95b1fe8f46571ad9ede3144.apk,True,36.56
db51fa977c05cad35bc89e8e38d675141c7e056dd25168fa8c80da9a5f4bfacf.apk,True,14.99
32a6ed7b5c105d04dda5e46d4f14674ff734cd49c52d559196605bc250812947.apk,True,18.81
bd8e3f29abf24ffea417adabd9d43b734d2b241c5702633db538521ba96b9cb7.apk,True,14.05
309f4d2bf54098a291a5487f16d7300cb961a25aa76e48ff5b8f3eca781f7158.apk,True,16.66
f14bc6b98b5165e751413d5118f53d7396e2f18571bfcfc2ebfb54ea335d31d7.apk,True,19.73
eec1f31eaf4d70291249b97b8a070d6e104f02653fd39f714674c5278ec9ed64.apk,True,59.04
73975a033966ddec18caeb4f81aee872bb059c40034f6028effdd2c799111099.apk,True,8.42
ed1ab165f309c326eaa74f93b15dca31ba99ab0cb8a9d16d7184db8354ebaf29.apk,True,18.29
7cc4fd114087f99a86be188fea0f720d524a174352f840c444935f66700f2fb5.apk,True,16.37
cf95cad40e1be65b9a3a871bcf176731bed78e98118776c7c9c8eda48015e79e.apk,True,15.96
f2f1e4e388b9d87b2eccc00ea901e72dc0d173bc146b825f4294222afcdae186.apk,True,24.79
3205c2007a5ac4a77b45e159f2f1fbb99ff81bc45fb4ce6a3e711683621d7178.apk,True,17.82
a280010b610c842c40cb3910ed68a5fa0b2735db1324dcaf11e3c5aaaac7cce4.apk,True,14.29
524ca5deaede9bbdc783e94d752145254eb93337dd380e2e9674d43c1f6c4667.apk,True,11.80
46c1dcec027027eb584ad73762aa543cd7947b910687e485b2447f660a02af23.apk,True,21.67
c04162c7b839022771b4badea408e277ecb3d91cea732d18966d0e0c31df6d5e.apk,True,10.19
0e77ee1163cddd3007511197bfb3ad41006489db77438955c08fcef8552b4946.apk,False,13.67
8c77004cd5b26534e1594822acfdcbdced281a114b4f98f0e2b501b9d4a6bac7.apk,True,16.47
3b3ebe554c6c48f41ca9e3a844d617c5a1015e6790cd6a4733589707d24d6bd3.apk,True,9.96
7d1c3f899abc522503797b6a13a7f51d8dba2230320441c7b571f45bc6275623.apk,False,14.20
7d38eab2bb5dc45fd3ed723328e101e2328d48cb8236b6d90b54bd364805c179.apk,True,22.07
88a7c7bc7e707e1e8be3b2c783365683bf29dc1485f8c41ba3ed1c8e7f7d21e3.apk,True,16.09
9399f1b7127f7d3e7ee3b616d2d1cf0cca66935b847b657fd187f01539daf357.apk,True,16.36
5b3cfc2b06ef423caeb6624dd540ef8fcc7fa4220804664f7b7427f2be2bd5ae.apk,True,16.23
ea0c775b67165d805fc3f4d36c629f27d464ce14d93b59c8bc07c9985bb85b1d.apk,True,21.51
42ba6bf76af6dd72d033115dc70390f0f419631425dfe2575a918ff67e4e1556.apk,False,14.80
0b96221bfa210eef8c5c865e3af2d60f2b0d4b1b808b2e4b30095c751ffb7f24.apk,True,13.29
e0db2343f613652efd6ee89b02f9d227b1c4440e75223b767abd3c24c3d37799.apk,True,22.33
9a8d00a9501e40fa7e76240441cd35f7203650d264592dbe065a14cddca9c2ad.apk,True,16.96
4b223f2a5f2015375f5bf9e5b75f8c01fab68839878147f4a4aa1e5d92068001.apk,False,33.12
1ef64255b17613a630a305198e895615fc8e6d1ad93c018809c3df9c2d2ed9ff.apk,True,35.93
efedad9bf716f68e884a2c5f9c74900cdbad86506c67d6acfe87b1efd32c4be6.apk,True,19.25
094ca9754da2b7b8f64b402d63557550cdefb75490201239d7e2617298031b98.apk,False,39.06
fcdbeb2596961017a36d1abca0319d2b246b85c054f9e2906ae131a2910e3852.apk,True,12.92
a4d3987d4bab0db98a78b192cd778471bf4b6a05498bb3224b89de4687c14bce.apk,False,38.07
58dca76c42dcd59cbf606b60ee97fa6f74512ecc1bfdb1a879898069d7711ec0.apk,True,16.58
ee92e3968ee0791ca73082e720fd8a2d1b1ae9019b4cb6252e1c93c3a3a8018b.apk,True,25.02
50faeae138ed69d3cb3b6c8a30c6ff75c0470e725dff9a595d52b0744d04014f.apk,True,33.19
4ac7c4a43ea8ed7fac59776c8beb6955ba0bf639fe5efd23ecbcc73db5863476.apk,True,17.16
01e7ae1305ecf4819fdf5e29319f17e0ece1a30c1d699b5d78e7d4239e7f87d0.apk,True,20.24
3d39ea282e0d890e1ea3eb48d6509825ea391f1ab4dc98d2f74b8da7e6f1c8a6.apk,True,20.97
a2de2a7efc0ec3884abd1b19e6b87d2aaac27c794cb138f9b81b56cca56fe9bb.apk,True,7.97
027aa16e46035e24cd1e078b8332da4b6c783445728325d5c78d1a913e415ba3.apk,True,22.21
44832c90172bc4270814375cfd3f329e83c9fa5c78f90b27357ae5f033efd167.apk,True,9.50
7a0a76e0f16bc250abe2f1497e825eabfebf5beec29f945a0e775eef588a502a.apk,True,38.24
ec8b73ad480cbffc8b594f9ec1f0f939b5d50f2a5593226fb07c80a7a8c1fd32.apk,True,20.20
b41a2422fd1dfbca4aafccdf238a4d682b5209a925c7009a6b904aae74ce7b51.apk,True,3.48
098a7a6fd55e34623b3eb5b5677c0fc72e5d8c8e333f10bc5135eeebd0e1498d.apk,False,14.17
dc6cffe0ad24592aa7bd9005f2afab9b592b14e7d59dd6b019174b768dc9302a.apk,True,24.45
6cc35069c53c50bd0649b4353d9a5f8728d679a7b5e1a63a341fad2f45d3c471.apk,False,41.06
efd98b853fa7b5febf684b57156b395b7bf9d15e49fd8f88b92db5c600f1d78c.apk,True,20.30
d8d4d59be7f4afade49a2c6f9046a62ac3e10eef7ac2686cda564ecb02c88f4a.apk,True,8.41
84117803a6a2498d1ae6437ae42af8e5074be0e8e50c988fb9c2a60c5d3a4656.apk,True,19.49
412b655dc649d19e86a5a83496442f01e1eb634c855cddc0e1eee85e6f7c920b.apk,True,29.97
aaf4d3023bf45b3a27be228782faca02df2e99da109a6c9f30e0e28d7942b01f.apk,True,35.45
36578b2b19424648ef1640f926d0b9308e0282805a2cc3d662159260f6e54723.apk,True,13.86
89be15a513d58054382c02d42b23c2db40ed5adbb252571427255f27bee50502.apk,True,25.19
0defe1bdb3262c4c9e2e2f7bcc53f2cf8f4e1902716d83f36b3e2f6d6fffcdef.apk,True,45.91
af3f83ce0b01d53b893e6f718dae76c0b0c2ab4b9539b3cb5f23635936c84edb.apk,True,18.51
68fb6e6fb1ced5328a9c523e6ddc0d695c4d5f28664c3c32dcb7a131e3b4f42e.apk,True,27.72
5505b7cfc7e93e531f5c47e71286329d87f0cde37c4275b816cb3967dda342b8.apk,True,13.10
31ef2b4f6495abffe12f4f495b4c91f621d460ad8d1f3c49db51bfe557a48bd2.apk,True,24.69
8a7e43fd2698a65930ccf75d04dd30fbc24de4cec0cc58d2a9c172997b46f010.apk,True,16.34
7cdf7975134a36c825af43d972f5dac262230f27d1b360ca06e932461e135e2e.apk,True,25.46
ec3a31bb44d55b53e8a7de80284523cb6098a22b507113834b87368748f4a94d.apk,True,20.31
95b600270d8abc273eba4a0f0c4e17c2fa73adcc94e8b458b06d25893eb2e80f.apk,False,29.06
ac1fa26e1b9b1f5d5a5b11fcd2e9b1e367bae018ce99fe429ca53d9368bb91af.apk,False,38.08
deddac141b748306253f92e515c1cb075d195cb3a1fa0c3044c63875c515d7c7.apk,True,21.42
a974b26bfe424a406a2a101f5a92da66d814b010d1d99b56eb33fe31cb4e9117.apk,True,28.74
9955a8cf1cdd4810dee67283112586b57c788672a6d2d823c49edd7f10fe6360.apk,True,9.00
3f18f5533213dc461ecff6f99d13d50dc01ccfa610e118666af5a3a4d632bdc7.apk,True,17.25
5b7978b8f73957ac4d14264ad59e92c733e80a4b4e47cc2579e54c4ee1965568.apk,True,17.76
1bbb29b7d49580484d7ab9adfbd83c38c8abc10b05b3523920d86344be992d04.apk,True,19.37
4357d674f9b2e08c53ec46ea5d8964c4280b02fe00dbab90bc9f5c6522ac36e4.apk,True,26.43
3e37290e008e40ee60800d4dbf20b09180c4c2d2e1d7820222a11d68e52f2e6f.apk,True,13.49
c6a0206fc79d22105f2addb8bdc9b07c81a97d2d9d4d5de83ace063dbee8824c.apk,True,16.84
dbc032dd942bd5c49fead67549d639db6dbbc92562626cde79b6de6f7b529970.apk,True,16.60
4e4ddae4aae1b9ff18f4aebc07d4a268ac2179a4c9e8a186cc82a02936b88a24.apk,False,17.16
ed376d7a345724c562e2d68370b9278e62282df22c869e286c6ac24600844531.apk,False,15.29
611b8be71f79831505e482ad3bc60e3edd42806b4f33cf4ea80897586befd73f.apk,True,10.86
79582ba646422f05a57eede2d601f06bd37991173de6c5a82bd7261506587d68.apk,True,22.07
4e66d64853fda8d1936a1233abd2e91fb8fa67b4ec821e0529e770bfdc7444d0.apk,True,19.38
515c48753940cf6339ecae7975860b66477a1ddb9f1a65de0942766f425ca362.apk,True,18.41
b242464472251efa2f6d012a0f16b4639e553babaed8015be5308bc1c5d85fa5.apk,True,17.60
3e7e4e59df42b978c6c476f3d6e7c9c61d7477630423859aa30458a1e4e5deab.apk,True,28.46
723c26e6e02f3f30f2d8d3a2a6f9eafca6822b724f365fa6a89b2362a65c4606.apk,True,15.60
45e0edb623de809c90c20ed21b9fab8989e7472eec3db515ccb67946839cc8ab.apk,False,14.07
89f3033ee49e4eeae33639e454c04089f4e87d9a9cd913b19d4310156c6649a9.apk,False,13.99
f8ca99fd3b900604fe79a8c0598423df0d034315fdd3dd3ab75eed533150d433.apk,False,14.84
9ee63bb96e271f7e724a1225d62beaf94ffd0cc258d6b504ab97942fbac4a4c5.apk,False,22.93
2cf178086d8d560bc92220fb74e8e07799e838e3a46a98ebe8439d36c4b30f10.apk,True,40.55
d3ff2b3ef64a148aab8ea38b3c42ccbb7035c467223a374fc1a1dbfe53b24bfa.apk,True,8.38
4ad03f2ba18ec50e60a4871c5086da197263b0467e3ac1536ae6b7be692f02f6.apk,True,17.29
a237e1552252848544ea0f507aadab6827cfd8bda3fc90cb453b9aad54919426.apk,True,19.79
1d522035c715d83b8a6f2012adc605ca3e98e45c065a57d8836072bf9b8090ce.apk,True,18.74
05df631a65e4dbb537ab40632e67712ea171683d7309c72e4587dcba5a1ddc71.apk,False,46.82
97ec27be471b4cacfc50900141ad94dc38771d46f50f850e2b8b7355516f874b.apk,True,12.75
e28a4a972b445064138288f7dd6d9fa619e80a3c1a9a86ead6d2a2a1f568e29e.apk,True,19.66
87fec9bbf2bc05072c12fdcd76ee2b572498b7ab9feb34d4c0a6d5c4d3ade7aa.apk,True,17.57
ca38ae7de9df3a9c196c676acd5df4c05930a31569b14fe0afd6e1f95815bbbf.apk,True,17.40
24dd2f2ef422d134bafe4574a26bd7693e7d58144dfd4c18eb193411a5dee440.apk,True,25.14
32c949d1d462f25c7799951749a15cd62933e8fad2368ba1c05015732f26a777.apk,False,14.71
6f7c85bdf396d6fec81556be42b30881f918e8ee494d82ef106fa46f0dc9da28.apk,True,18.04
ce5cb30638902b3ad008a3875ec83f2b986caf7be183a4bbeb4e252057205020.apk,False,14.95
b512ad051a8a62e50ecb8cfc136f6ba221b09818e2608283d56ba44b4b2e2be2.apk,True,25.70
6dd678721a920acbea31e1fc96ced35983c5954a2eb82a8d550294a99c8afced.apk,True,70.56
d7d011cb694884361779b523f5f24e2349605504469543c9241d13226e50ecf1.apk,True,44.77
a80a84bfe74b9cf372270f02b6002608c161651e3ad126d6868df54a151b97f4.apk,False,14.59
2b1e87d1e7360810bb5945da4cd85c77208938094bd0b8f8516308991a0efa10.apk,True,14.75
00b097cd3f1fa1bfe06cb4018454709e5d42033cde40c3780e582d8ad52ed281.apk,False,16.29
5682572a696998d06e9847c05f8f4403a5d7e114d4d2ebda2d3f2e8ca0907551.apk,False,13.73
9db0c111880ae98e5c340de81f541424ccc75e3a4e3da85ec8dbf8823b662431.apk,True,13.56
3349b5d9fa94f86a9e060b68790621e936da0289c46b3f025d2037b67637f1dd.apk,True,12.13
04e76a630f3b59a47c0a3fde1a4f99b4e7387a220e93955e6d5e203ca2d77616.apk,False,15.04
a10c38a60e84a19688bb0de790cc666b9fac4d635387e2ec8147aa6b19b87b78.apk,False,35.63
b2e7cc51d7fc92444049affca5501c3b442e722697b751a56b577608880b618a.apk,False,24.11
9bf24e515a71045438c3df8c08b353c8a762d5bbb9c8f51d21a64b72901e681d.apk,True,18.05
48915202ef417d9e971cc4d26a26b2cd43f088a11d96994f046a39752b84a7af.apk,True,24.73
7ee4634660e13b7ca4da450c191c6bc349324387bffda8740706d5ba9807d605.apk,True,14.51
f67cdf7e2916325814a35d0043860207de085a67714ad4bb464deb8e90d3b6ce.apk,True,17.80
5871e2f3e4b8d9b93e821c4642c5896c2bf6a5ebe3e3e4da2a91b844451cddde.apk,True,14.25
7ed26e8a67f0d2a182095888a5681e41af1e15e524e1ce6d65d4d162b7e0ef18.apk,True,10.07
eb729863622fb7e1e4b1cd6667d5b857c4823da64f46c4399cc1a47eb5d2d2be.apk,True,32.48
b8b7b714fa9a8238c0b06d6d36b9bb219302472e6e0aefc3566857943b3e3ea7.apk,True,8.62
3e89a735c0b7d85fba1e46c968dc46149847cf0783a1a17a164c80504689349b.apk,False,28.02
0c2f3b0e7cefcfa3a4ef50885e03aaaa2da4872f1a42df7f6336d3a376fb5859.apk,False,15.07
5fa4bc65eaa1286ea1b3472cf01cb746c8135ff0191d443b1ac383f32fe50640.apk,True,22.34
ebe966e99596004bd46784eddd6fc30b5f431d728b426cdf65e2118469c341eb.apk,True,15.81
feb5b3a86614eb9b082e27cb77cc28f49ae0ad0d9e555ceb3744cd4cecf15af3.apk,True,38.30
237ee7abb8bc5d75765fd584fff838307b4032a2e19588e2a3fc315fa0d77ebd.apk,True,22.31
109f4c90fa50cc4be8f1064efee0225519171f4a2de4309136ad13253b87c84e.apk,True,5.25
c9335a01d7d1fb9ba460deb9c1f7d9f4081fd7fe25296f33d8449239bdf314a1.apk,True,28.57
0fa40ce6bdb64ae7e612d40d098c6c3c7718a7af54d2f708853df3ef78fb07da.apk,True,20.52
24cdc5c71b788d376233a2cd029d74454b0fe1d84071c9ed78d293e2cefd1577.apk,True,17.27
5b62933758e46cb691cae55980257611751d111cba8f4ff4756b96ed9dd229d6.apk,True,14.75
febcb60c2bca51db8d8189012f22b5a5b150057ecfa1c1078b9f0ae5a0e4169e.apk,False,14.24
481522783d456ae4bfcad7687a5f56765a3c5b6eeee7029bc1c7c4b666fb16dc.apk,True,50.31
63ee216e89873b64c5eaff6b17a4d5602158891cbbf08712c6e996c38697ccaa.apk,True,9.98
4b6e68d1e3b2318e74e0b35a2f6bf9038e4716170dea3decf080f880e475b533.apk,True,30.87
2c828ef111981c75a6aa6a9830fbc2f9458a03343ff651c5ddd5af9782ae96a0.apk,True,13.74
aeb329971720e453a1768d60823a3d2705fb37215909fd93edb7a440b90bd610.apk,True,36.84
c29632b15263b52bf39c9747f1439ff03de47b160a2f86cea238ad75b3b39747.apk,True,26.28
8977c7f319382fb7a3786e446a283026d7a16cc9cddceec5b55113c4e5ee57b9.apk,True,18.29
fe26bd9dee25a297357bca6828f0d13cc3803baf52add705735e401a5e7b100d.apk,True,22.93
ca55051300542dbc44993fcfdbfbd3f9ef33bf42182f0748dd8cb6a5ec4b301c.apk,True,15.39
8b3e8e37093dc2555f682ed9eb6001e8809f2312f711ad7bae1c4780e79fcb4d.apk,True,33.85
43a16744c9070b45e2278b1e82c3160b9aa397953c6d442a17e68d97ee521b7a.apk,True,27.43
c2441aaf2671578c5e3c239f3d5e9b7463c823337a1d36bc9196ca4786276b9c.apk,False,15.87
27f208ce1b6124caf8d0653be159210a3715d0e36f84a006370a78b35ba82557.apk,True,47.46
d178831d83549e680681f0a61498b4fc6440a4fd3e3cb8d85409c746c8b024b2.apk,True,17.88
d46818ba4d45a9af7a7a40dbcb1d16f464f52eeb5d28fb07590038814f414287.apk,True,17.94
52fbe0dcd3536f386c649abe3a75f49bb444ee5ec92727fbc8e89d2cde29c9d5.apk,True,12.31
38bf886de3371509cff6c6ab837bea1844fb0f9b9d6aca452cbfc0341cb942bf.apk,True,7.07
92f8add34a428d8e35f1cb982024ee0515d7d6641226b9126fcaa3ec321f98ab.apk,False,14.84
4360ad10fb41bb3b0f84270c742549452397997d32696430c6df2a127217130a.apk,True,12.15
40fd1e65cf224cba801273a998c897266324f5bab4a26a438306e7c990a6e33d.apk,True,20.20
1913299c5a5a5a0f406432aae665b29cee2d1a1f9787317c9c82a81837b15da9.apk,True,18.65
facc071d2ba1563dc92541788bbd148ff2c12d655ac316551763aea5cc7bbc45.apk,True,13.22
56d04ebedba0bf9f17e09e2a6876869c674f9e997a45c7f4217bbbe4aab12e49.apk,False,26.77
461e43d243f5cae0424700b30d122e7550c8e9b53bfca792a23fee709cecdf37.apk,False,34.42
21abd56bae508d32edb27c6a4dfcf4aa0ed2a4c2396ceaabae73b0c3adeb05e4.apk,False,14.81
4b92de4669936a6fa30ed7e9e31946f6a0896205ea41ae66c0cf5f09d4f2e481.apk,False,15.54
95c69800522be74284aff2d35eab3457fc9047e93101f9851c2a11fddb5c1b11.apk,True,15.32
324f95aed455c7b67228e4816b56b5f92aeacccfe0ae8807584f90d1208db6f3.apk,True,15.22
833f80c884e661db9edf60c193e4fd6e76cdcd7b5bd375f34cef887771d07197.apk,True,23.87
e09ef58089a400ad694f11a117301c7648132fb484bb47635c1bf02013b4fa0d.apk,True,18.43
359b4144741d00351fffa20f13a41d3306345e391c8a8406653bc04caa68a762.apk,True,15.40
dadceed9eab15a366d4640a01fd45367101f30aaf150fc35c8c3f28f75cbde55.apk,True,16.62
8544d1275d150a35d56cbe61d22ecc33ff4434775a25f0f4f06da27358ff127c.apk,True,16.92
1c976e7864002d8bd9743e2e0b6b80cdc57c7393626f6931c5798cc40bda51c4.apk,True,21.32
39c08737566926c8dc7dc6d26b1feeafc40d602b6803385aba82b91e207e501d.apk,True,17.32
386fe82fc598cd9cda980a261f84678f282edef92d95c7552fa81ef4ed8e3aff.apk,True,19.74
63e1bfe50551c17c2c3d8f3571691f6c0d7aac6b8e029af6a530592ad2461fea.apk,True,15.87
f4ccbc62906a18dcfb1c9c7ce6c76ee2f73a6b0b9b294938f3c7dbb391fb7969.apk,True,56.01
95c5fa650ebdc867cdad9e44f78449ee2a7373be1853eda1be3c05fbac1526fd.apk,True,26.61
c1dab934d4d16df92767c445340f44eadec19cb9d94eba4902de8502659734e4.apk,False,31.09
2c2b22e8e125b38e70283c4b4a73d59d6614db8a7ab225d7384bbac99c8b71fc.apk,True,13.66
a12ab0c449598931406f1bf011cbd182fe763e8ba572c744116be3eff8bff605.apk,True,18.55
baff012886e9df09e45904d63b9f1d00635af120337e66c531185d9eda8381b7.apk,True,33.04
090628bea540bbb5f8d86f9a2277835381dbec1dd55c125cc3f24a981ff44e9b.apk,True,19.46
d6ff7b36687fbb0e492616828e27b422f5a0af1e94688adb0499d827fa3fc892.apk,True,38.40
b8aff6f64d05e1e21413ae5f55b26a901191c717c5ce25505421ec3c123125c0.apk,True,24.42
5c4b4a4d536622882759fb184538439966c80f30deda8d3ef5828b227ead1646.apk,True,37.62
3c28397857555c5eec8d6c833ea401a437daa97f6a3079059b0c252b41dc1d0f.apk,True,17.45
a868ec4e27f6a0ddfa1fb8e54cd11cbfdc428f99b9458e73aaa5831a62810007.apk,True,17.25
b23acb02c879a4a8f5414c46bfa196a47e1b5f35a6c5f025d23c4822fd493254.apk,True,21.50
9448a18ae9f21e97cb3f0e2a45af9db9b31bb5a5f3a0f46063e6256e93a7fd70.apk,True,28.01
42b7c75525cbf083775aa22135cf04df25fe80f416a32e6311e6f75959a01e5d.apk,True,18.53
5838ec2e9c4183e1e9e11f93f9300f6dcccf1f869bf54169f00f76cc145649c3.apk,False,17.74
2769bbf996caa6d40a2ae1410729cf70f7682897ea14ad9a20db6309153ebb10.apk,True,25.44
639663d86852fecf4a14417bfd2666ef1ace51d74cf0a1f21421e67b179adef0.apk,True,3.24
58fbaa7ce641de8a2d8398ab6c1e1df1e0b421f11889c00c0f30876183e1fd50.apk,True,18.45
9f675c81a3d460e6be0a5c9968784e60420e3d37115888163304d34abff99511.apk,True,21.61
d7d5ccaa99750eea84d8dd41b73fa255010167157867bcd53beefddf7edd5a79.apk,True,26.90
3bba6192964f775230c2863ee7bf21f53e73fefaa8f824c7d036dcc7334cb8d1.apk,False,14.46
1836718b1e5d2694e9e928fa04a8d8a37c07d1d02a141f7e9d0541f3398b49f4.apk,False,35.97
7cb46e59836ff6cd19eb1b0a3919d087120669fcb40cc3f2ecf11fad11e33835.apk,True,13.22
14a42a000a1d0f54dac3a9c33a2f50be900c8068ddc3a8b88de3afb29c872031.apk,True,40.40
edab78329ee8aced0fc23d8082314fe88bcf6ccb27f66a38b002d240ae875e9b.apk,True,3.46
c7aaadeea86044a13aa508859d84a31e41344a9c285e2bb016cf79ab86902a91.apk,True,21.91
2ec5d7b039d54ec9031ef116f4dafa1c492a070fe2d4be3338a87d27b1b93971.apk,False,14.46
8f299beaf86fd077ec4d460812472a13b0409e407bef908d8e1b2ace8160ba0b.apk,True,16.97
defce6c9d9c5a353d2fa84f2fb32e86ba561009ec93963ad4cafcdb07202e1c0.apk,True,7.20
1f4c38379549f9076e4a688b910e649e8aed46beed914d871fb5a2d852c6434b.apk,True,12.10
c1ef0da3536c708e27f2a7d07f17e54383091a83788f3a0dfa097b91f853a61f.apk,True,14.74
6b27eeb1b66b27907313ebd55f113c685570b5eb9ac7677a2e00c3e470d9ea1e.apk,True,43.14
1ae371a33bdc2b69eeba87adcb5699d9d6a2c6e4fc2161cd2f73e10a3d956c51.apk,True,11.18
033422cff5c37f0b6e19b94c3277fbf3a07d2f439aaaaeaf2a8a3ec9b4757bff.apk,True,11.10
81c49e5249c505999790425641e9ffa84125d913621ac30091727c6c8e0deac1.apk,True,21.55
39c4f13231f3c64a7d080c6e72ddb1e631e79c5efb2378db74a6ab359463e8da.apk,True,60.47
2d13aa69276b66321040672e5e8ce02a47c1f19d14612aba3a729116f640cf5b.apk,True,3.36
20f32f1fb07a7adb9b9b10aa36afc9bb2f10b67db1a2e39dcdc590868e4c3ec9.apk,True,16.87
8d119493744da2b2f3a5f2dd76edfdcb4ad5d35b4d3d7f4b403df84316bb26dd.apk,True,25.49
238f081829a7286a1b1c1a2e40a01fa0b6a13b1a01f7a927213060edb55995b2.apk,True,13.98
9bc801e6da937b2bf6a1b39e2d1890cead137250e25edb67e26c8d07add1ad66.apk,True,15.76
4a3ddb95f97d1f8c438d33f4274a6ace8b8da9d00e54741fd69367db148fb477.apk,True,33.36
92e491415116c19ad58d60ccefbdfca7ddb6612eb235e19cdea681ee8747a187.apk,True,26.24
0b41f6f6dde9b9a64350ef955d9f59ad1ab41f048f19059d0bbaefd4e56fde52.apk,False,14.78
55586561436dd7ba20dc1d2aebe5725704a9676249a8f002cea6908f90c8ff9b.apk,True,10.53
f4c4641ea1c92c61bab350799919cba3e3c460ecaba405823e51b420a208d390.apk,True,29.33
a59e5f8141841891324a86c57ed5a010f220db59be582beac89d8f3f78a90ac0.apk,False,14.96
959317db09a777f1d61d7931382d9db37355bb6d75bccb95ae7680595c3c95f7.apk,False,15.80
84a7e04a5111d48788ffb5f4544692be0dc56c68026f886698456725f4d2b329.apk,True,13.48
d72c894e7429e9cdd01ff1838f6acd8ba0211cf32cc054dca4c92089566c13c4.apk,True,82.28
fd5c0a89ef0629fdabeab1e65e0e097f0eb098954c20fa08b48038de32fe0d0b.apk,True,21.24
079cc9508460f6e9194c776d06f24fc4d851b2ddfa5415949d3b102eea8e9011.apk,True,26.23
d8d830bc2ebbdc0dd502b93b4fbd7d5711abc4f79e2d36d7b0733beb2b7b22d2.apk,True,24.52
a2fd1746d8aa66411c1384ba9ca47d0793d8496ebbeda89bfffdaa2bc70f81f9.apk,True,23.09
74defd1175eaafb7dd6f3b3e806379c7d5834255dddaf6845c2e464b116eef41.apk,True,38.43
291b7b600b28e1c560ab809d0cca53c0a60fe3ab5a65f4f6acc59494cd80c17a.apk,True,15.55
ea1ca2104d089a9d4ed489b896e19d481cf1f54cf019fbf26d296fbb48914102.apk,True,11.52
8ab1755e9a8c00855d365d3f70e2c3830a4433d22fe091033d241c0d299c1d6a.apk,True,22.50
9b613f4507dbf4cd18be9d9e0c30ad03906a2a0cab5167ef291b08cd9b83afff.apk,True,17.81
0a44b8be5a752ff462f9fdfe4aa8662d243a2cdbd92a7a09689cac360c547017.apk,True,59.29
f7658dd39c1a288187803fc42d3527d17ace248aec053be5db2ede72d55e3184.apk,True,18.03
cad9722983b44d6721f804c0cc93acfa4fa83040e1b76b6701d86ca929e61772.apk,True,40.92
31adfd2c21a445afc3a7d14dfcd38d95e3066abfe04a8d5143aaa7113716404e.apk,True,14.10
fc1d27f7a0de25cc6d3c75a608a2577203b38316e3ac841c6551a17ed83a20f1.apk,True,17.22
7ae819b329bfc43c11887e422a0faa666292ca0b335a98eab4725cdebb1e471d.apk,True,12.33
cd405fd04486a4bad41fa2996fc0c219e24dc142f709b42143f9157cef815a9b.apk,True,24.10
7c21e6ce5dba41b06972f20802b87ff41dea6ca1d8fff5b98dba0ab76730be56.apk,True,18.09
07a21d1213201c3b52b3804f4f0ecab62ce4683c744dc49ed674aa70293aabe6.apk,True,21.19
0ce39e84715fbadcaf3e49f7ba6e173f014a111ceee7ae836553543095615d86.apk,True,14.03
cc031b79b993c84487b870643b3abda98f93d15ca4045e6ae6e5f81685b3b1ba.apk,False,47.49
17d3f5d26e8c39003c4b2789c126b6269658291cae5cf957ee00639aa7b31770.apk,True,14.27
5aadf99b8572b73a6468b9ed79bfc8b566baf70be8e8871702637b075c124c3a.apk,True,9.18
b1a2afb9a1907afbc2d7463fa39dbe69157cf66e18eb03ed3301b24f5fae1f9b.apk,True,21.73
